Categoria/Cartella;Nome File (Titolo Attuale);Keywords Specifiche Proposte;Descrizione Visiva (DA COMPILARE)
Fiori per Animali/Margherite : Gerbere FA;margherite-gerbere-00001-fiori-loculo-cimitero-siracusa.webp;margherite, gerbere, 00001, fiori, loculo, cimitero, siracusa;Vaso di Gerbere arancioni sopra una lapide al cimitero di Siracusa
Fiori per Animali/Margherite : Gerbere FA;margherite-gerbere-00002-consegna-chiesa-freschi-udine.webp;margherite, gerbere, 00002, consegna, chiesa, freschi, udine;Vaso di Gerbere bianche sopra una lapide al cimitero tramonto al cimitero di Udine
Fiori per Animali/Margherite : Gerbere FA;margherite-gerbere-00003-consegna-tomba-loculo-brescia.webp;margherite, gerbere, 00003, consegna, tomba, loculo, brescia;Vaso di Gerbere gialle sopra una lapide al cimitero di Brescia
Fiori per Animali/Margherite : Gerbere FA;margherite-gerbere-00004-floremoria-chiesa-tomba-monza.webp;margherite, gerbere, 00004, floremoria, chiesa, tomba, monza;Vaso di Margherite bianche sopra una lapide al cimitero di Monza con rose e gigli
Fiori per Funerale/bouquet-cordoglio-sincero;bouquet-cordoglio-sincero-consegna-funerale-cimitero-latina.webp;bouquet, cordoglio, sincero, consegna, funerale, cimitero, latina;Bouquet di fiori di stagione posati dalle mani del fiorista su una lastra di marmo bianco all’interno di una casa funeraria di Latina con il bigliettino di cordoglio
Fiori per Funerale/bouquet-cordoglio-sincero;composizione-floreale-funerale-cordoglio-tomba-lutto-parma.webp;composizione, floreale, funerale, cordoglio, tomba, lutto, parma;Bouquet di fiori di stagione gialli posati da una mano del fiorista su una lastra di marmo bianco all’interno di una casa funeraria con il bigliettino di cordoglio
Fiori per Funerale/bouquet-cordoglio-sincero;fiori-bianchi-funerale-cordoglio-sincero-freschi-milano.webp;fiori, bianchi, funerale, cordoglio, sincero, freschi, milano;Bouquet di girasoli e rose bianche posati dalla mano del fiorista su una lastra di marmo bianco all’interno di una casa funeraria di Milano con il bigliettino di cordoglio
Fiori per Funerale/bouquet-cordoglio-sincero;mazzo-fiori-condoglianze-sincere-loculo-freschi-reggio-calabria.webp;mazzo, fiori, condoglianze, sincere, loculo, freschi, reggio-calabria;Bouquet di rose rosse e bianche posati dalla mano del fiorista su una lastra di marmo bianco all’interno di una casa funeraria di Reggio Calabria con il bigliettino di cordoglio e lumino acceso
Fiori per Funerale/bouquet-memoria-eterna;bouquet-memoria-eterna-fiori-funerale-tomba-catania.webp;bouquet, memoria, eterna, fiori, funerale, tomba, catania;Bouquet elegante di rose rosse e gigli posati su una lastra di marmo grigio all’interno di una casa funeraria elegante di Catania con il bigliettino di cordoglio e il lumino acceso, petali sulla lastra
Fiori per Funerale/bouquet-memoria-eterna;composizione-funebre-memoria-eterna-tomba-chiesa-bolzano.webp;composizione, funebre, memoria, eterna, tomba, chiesa, bolzano;Bouquet elegante di rose bianche e calle posati su una lastra di marmo grigio all’interno di una casa funeraria elegante di Bolzano con il bigliettino di cordoglio e il lumino acceso, petali bianchi sulla lastra
Fiori per Funerale/bouquet-memoria-eterna;fiori-lutto-consegna-memoria-eterna-chiesa-venezia.webp;fiori, lutto, consegna, memoria, eterna, chiesa, venezia;Bouquet elegante di rose rosa, gigli e calle posati su una lastra di marmo nero all’interno di una casa funeraria elegante di Venezia con il bigliettino di cordoglio e il lumino acceso
Fiori per Funerale/bouquet-memoria-eterna;mazzo-fiori-memoria-eterna-condoglianze-lutto-cagliari.webp;mazzo, fiori, memoria, eterna, condoglianze, lutto, cagliari;Bouquet elegante di rose bianche, calle e girasoli posati su una lastra di marmo nero all’interno di una casa funeraria elegante di Cagliari con il bigliettino di cordoglio e il lumino acceso, petali bianchi e gialli sulla lastra.
Fiori per Funerale/bouquet-omaggio-solenne;bouquet-omaggio-solenne-funerale-defunti-lutto-ancona.webp;bouquet, omaggio, solenne, funerale, defunti, lutto, ancona;Bouquet importante di rose rosa, rose bianche e gigli posati su una lastra di marmo nero all’interno di una casa funeraria di lusso di Ancona con il bigliettino di cordoglio e il lumino acceso
Fiori per Funerale/bouquet-omaggio-solenne;composizione-elegante-funerale-omaggio-floremoria-cimitero-livorno.webp;composizione, elegante, funerale, omaggio, floremoria, cimitero, livorno;Bouquet importante di rose rosa, rose bianche, calle e gigli posati su una lastra di marmo nero all’interno di una casa funeraria di lusso di Livorno con il bigliettino di cordoglio e candele accese
Fiori per Funerale/bouquet-omaggio-solenne;fiori-funerale-omaggio-solenne-consegna-lutto-modena.webp;fiori, funerale, omaggio, solenne, consegna, lutto, modena;Bouquet importante di rose rosse, calle e fiori di campo posati su una lastra di marmo nero all’interno di una casa funeraria di lusso di Modena con il bigliettino di cordoglio e due lumini accesi
Fiori per Funerale/bouquet-omaggio-solenne;mazzo-fiori-omaggio-solenne-condoglianze-chiesa-foggia.webp;mazzo, fiori, omaggio, solenne, condoglianze, chiesa, foggia;Bouquet importante di rose arancio, gigli e girasoli posati su una lastra di marmo nero all’interno di una casa funeraria di lusso di Foggia con il bigliettino di cordoglio e due lumini accesi
Fiori per Funerale/bouquet-rispetto-vicinanza;bouquet-rispetto-vicinanza-funerale-lutto-cimitero-roma.webp;bouquet, rispetto, vicinanza, funerale, lutto, cimitero, roma;Bouquet rispettoso per la vicinanza, con margherite, rose bianche e gerbere gialle posati dalle mani del fiorista su una lastra di marmo bianco all’interno di una casa funeraria di Roma e messaggio commemorativo
Fiori per Funerale/bouquet-rispetto-vicinanza;composizione-floreale-condoglianze-vicinanza-fiori-funerale-verona.webp;composizione, floreale, condoglianze, vicinanza, fiori, funerale, verona;Bouquet rispettoso per la vicinanza, con gerbere, rose rosse e gigli posati dalle mani del fiorista su una lastra di marmo bianco  all’interno di una casa funeraria di Verona con i petali e messaggio commemorativo
Fiori per Funerale/bouquet-rispetto-vicinanza;fiori-rispetto-vicinanza-condoglianze-cimitero-lutto-genova.webp;fiori, rispetto, vicinanza, condoglianze, cimitero, lutto, genova;Bouquet rispettoso per la vicinanza, con margherite rose rosa e fiori di campo posati dalle mani del fiorista su una lastra di marmo grigio  all’interno di una casa funeraria di Genova con i petali e messaggio commemorativo
Fiori per Funerale/bouquet-rispetto-vicinanza;mazzo-fiori-lutto-rispetto-vicinanza-loculo-lecce.webp;mazzo, fiori, lutto, rispetto, vicinanza, loculo, lecce;Bouquet rispettoso per la vicinanza, con rose arancio, rose bianche e gigli posati dalle mani del fiorista su una lastra di marmo bianco  all’interno di una casa funeraria di Lecce con i petali e messaggio commemorativo
Fiori per Funerale/copribara;composizione-copribara-elegante-funerale-fiori-defunti-pescara.webp;composizione, copribara, elegante, funerale, fiori, defunti, pescara;Composizione floreale per funerale a forma di Copribara di rose rosse su una cassa da morto elegante con il nastro commemorativo all’interno di una casa funeraria elegante di Pescara
Fiori per Funerale/copribara;copribara-floreale-funerale-loculo-freschi-cimitero-bari.webp;copribara, floreale, funerale, loculo, freschi, cimitero, bari;Composizione floreale per funerale a forma di Copribara di rose rosse, bianche e rosa con fiori di stagione di vari colori su una cassa da morto elegante con il nastro commemorativo all’interno di una chiesa di Bari.
Fiori per Funerale/copribara;cuscino-fiori-copribara-lutto-floremoria-chiesa-prato.webp;cuscino, fiori, copribara, lutto, floremoria, chiesa, prato;Composizione floreale per funerale a forma di Copribara di rose gialle, girasoli e fiori gialli di stagione su una cassa da morto elegante con il nastro commemorativo all’interno di una chiesa di Prato per il funerale
Fiori per Funerale/copribara;fiori-copribara-consegna-chiesa-funerale-defunti-arezzo.webp;fiori, copribara, consegna, chiesa, funerale, defunti, arezzo;Composizione floreale per funerale a forma di Copribara di rose bianche e fiori bianchi di stagione e fiori di campo su una cassa da morto elegante con il nastro commemorativo all’interno di una casa funeraria elegante di Arezzo.
Fiori per Funerale/cuore-corona;composizione-cuore-funerale-fiori-cimitero-loculo-piacenza.webp;composizione, cuore, funerale, fiori, cimitero, loculo, piacenza;Composizione floreale per funerale a forma di Corona con rose rosse, rose bianche, margherite e fiorellini bianchi e il biglietto con il messaggio commemorativo all’interno di una chiesa di Piacenza per il funerale
Fiori per Funerale/cuore-corona;corona-fiori-funerale-cuore-defunti-cimitero-ferrara.webp;corona, fiori, funerale, cuore, defunti, cimitero, ferrara;Composizione floreale per funerale a forma di Cuore con rose rosse, fiorellini bianchi e il biglietto con il messaggio commemorativo all’interno di una chiesa di Ferrara per il funerale
Fiori per Funerale/cuore-corona;corona-funebre-cuore-fiori-freschi-consegna-torino.webp;corona, funebre, cuore, fiori, freschi, consegna, torino;Composizione floreale per funerale a forma di Corona con rose gialle, rose bianche, gerbere, gigli, fiorellini bianchi e il biglietto con il messaggio commemorativo all’interno di una chiesa di Torino per il funerale
Fiori per Funerale/cuore-corona;cuore-floreale-lutto-condoglianze-fiori-freschi-perugia.webp;cuore, floreale, lutto, condoglianze, fiori, freschi, perugia;Composizione floreale per funerale a forma di Cuore con rose gialle, rose bianche, gerbere, fiorellini bianchi e il biglietto con il messaggio commemorativo all’interno di una chiesa di Perugia per il funerale
Fiori per Funerale/cuscino;composizione-cuscino-funebre-fiori-floremoria-chiesa-taranto.webp;composizione, cuscino, funebre, fiori, floremoria, chiesa, taranto;Composizione floreale per funerale a forma di Cuscino con rose bianche, fiori lilla, blu e bianchi e il nastro commemorativo all’interno di una chiesa di Taranto per il funerale con i ceri votivi accesi
Fiori per Funerale/cuscino;cuscino-fiori-funerale-chiesa-consegna-cimitero-bergamo.webp;cuscino, fiori, funerale, chiesa, consegna, cimitero, bergamo;Composizione floreale per funerale a forma di Cuscino con rose rosse e fiori rossi e il nastro commemorativo all’interno di una chiesa di Bergamo per il funerale con i ceri votivi accesi
Fiori per Funerale/cuscino;cuscino-floreale-lutto-condoglianze-loculo-chiesa-bologna.webp;cuscino, floreale, lutto, condoglianze, loculo, chiesa, bologna;Composizione floreale per funerale a forma di Cuscino con rose bianche, gigli e fiori bianchi e il nastro commemorativo all’interno di una casa funeraria elegante di Bologna per il funerale con i ceri votivi accesi
Fiori per Funerale/cuscino;fiori-funerale-cuscino-elegante-tomba-chiesa-ravenna.webp;fiori, funerale, cuscino, elegante, tomba, chiesa, ravenna;Composizione floreale per funerale a forma di Cuscino con rose arancio, girasoli, gerbere arancioni e fiori arancio e il nastro commemorativo all’interno di una casa funeraria elegante di Ravenna per il funerale con i ceri votivi accesi
Fiori per Funerale/kalonche;composizione-pianta-kalanchoe-lutto-tomba-chiesa-napoli.webp;composizione, pianta, kalanchoe, lutto, tomba, chiesa, napoli;Pianta di Kalonche gialle posate su una lastra di marmo nero all’interno di una casa funeraria di Napoli, una mano li accarezza dolcemente, un bigliettino commemorativo ed un lumino acceso 
Fiori per Funerale/kalonche;pianta-kalanchoe-bianca-condoglianze-fiori-floremoria-forli.webp;pianta, kalanchoe, bianca, condoglianze, fiori, floremoria, forli;Pianta di Kalonche violette posate su una lastra di marmo nero all’interno di un cimitero di Forlì, una mano li accarezza dolcemente, un bigliettino commemorativo ed un lumino acceso 
Fiori per Funerale/kalonche;pianta-kalanchoe-fiori-funerale-lutto-loculo-trieste.webp;pianta, kalanchoe, fiori, funerale, lutto, loculo, trieste;Pianta di Kalonche arancioni posate su una lastra di marmo bianco all’interno di una casa funeraria di Trieste, una mano li accarezza dolcemente, un bigliettino commemorativo ed un lumino acceso 
Fiori per Funerale/kalonche;piante-funerale-kalanchoe-consegna-tomba-lutto-firenze.webp;piante, funerale, kalanchoe, consegna, tomba, lutto, firenze;Pianta di Kalonche rosse posate su una lastra di marmo bianco all’interno di una casa funeraria di Firenze, una mano li accarezza dolcemente, un bigliettino commemorativo ed un lumino acceso 
Fiori per Funerale/margherite-gerbere FF;bouquet-margherite-condoglianze-lutto-defunti-freschi-salerno.webp;bouquet, margherite, condoglianze, lutto, defunti, freschi, salerno;Pianta di Margheritone posate su una lastra di marmo nero all’interno di un cimitero di Salerno, una mano li accarezza dolcemente, un bigliettino commemorativo ed un lumino acceso 
Fiori per Funerale/margherite-gerbere FF;composizione-margherite-gerbere-funerale-cimitero-loculo-padova.webp;composizione, margherite, gerbere, funerale, cimitero, loculo, padova;Pianta di Margherite posate su una lapide all’interno di un cimitero di Padova, una mano li accarezza dolcemente, un bigliettino commemorativo ed un lumino rosso acceso 
Fiori per Funerale/margherite-gerbere FF;fiori-funerale-gerbere-chiesa-floremoria-consegna-trento.webp;fiori, funerale, gerbere, chiesa, floremoria, consegna, trento;Pianta di Margherite posate su una lastra di marmo nero all’interno di un cimitero di Trento, una mano li accarezza dolcemente, un bigliettino commemorativo ed un lumino bianco acceso e petali bianchi
Fiori per Funerale/margherite-gerbere FF;mazzo-fiori-gerbere-margherite-lutto-tomba-novara.webp;mazzo, fiori, gerbere, margherite, lutto, tomba, novara;Pianta di Margherite posate su una lapide di pietra all’interno di un cimitero di Novara, una mano li accarezza dolcemente, un bigliettino commemorativo ed un lumino bianco acceso 
Fiori per Funerale/piramide;composizione-floreale-piramide-funerale-loculo-defunti-vicenza.webp;composizione, floreale, piramide, funerale, loculo, defunti, vicenza;Composizione floreale per funerale a forma di Piramide con rose rosa, fiori bianchi e rosa, all’interno di una chiesa di Vicenza con ceri votivi accesi e nastro commemorativo il tutto appoggiato ad una bara elegante
Fiori per Funerale/piramide;composizione-funebre-piramide-elegante-fiori-chiesa-rimini.webp;composizione, funebre, piramide, elegante, fiori, chiesa, rimini;Composizione floreale per funerale a forma di Piramide con rose rosse, gigli e fiori bianchi, all’interno di una casa funeraria elegante di Rimini con nastro commemorativo il tutto a fianco di una bara elegante
Fiori per Funerale/piramide;fiori-piramide-lutto-condoglianze-loculo-freschi-terni.webp;fiori, piramide, lutto, condoglianze, loculo, freschi, terni;Composizione floreale per funerale a forma di Piramide con rose gialle e bianche e fiori bianchi, blu e gialli di stagione, all’interno di una casa funeraria elegante di Terni con nastro commemorativo il tutto a fianco di una bara elegante
Fiori per Funerale/piramide;piramide-fiori-freschi-funerale-tomba-defunti-sassari.webp;piramide, fiori, freschi, funerale, tomba, defunti, sassari;Composizione floreale per funerale a forma di Piramide con rose gialle. Girasoli e fiori bianchi e gialli, all’interno di una chiesa di Sassari con ceri votivi accesi e nastro commemorativo il tutto appoggiato ad una bara elegante
accessori/Nastro commemorativo;accessorio-nastro-dedica-commemorativa-omaggio-floreale-palermo.webp;accessorio, nastro, dedica, commemorativa, omaggio, floreale, palermo;Nastro commemorativo da parte della famiglia dolente appoggiato ad una composizione floreale a forma di Copribara di rose rosse e bianche che coprono un sarcofago all’interno di una chiesa di Palermo per il funerale.
accessori/Nastro commemorativo;nastro-commemorativo-personalizzato-fiori-funerale-freschi-messina.webp;nastro, commemorativo, personalizzato, fiori, funerale, freschi, messina;Nastro commemorativo da parte della famiglia dolente appoggiato ad una composizione floreale a forma di Piramide di rose bianche posate all’interno di una casa funeraria di Messina per il funerale.
accessori/Nastro commemorativo;nastro-seta-corona-fiori-funerale-italia-reggio-emilia.webp;nastro, seta, corona, fiori, funerale, italia, reggio-emilia;Nastro commemorativo da parte della famiglia dolente appoggiato ad una composizione floreale a forma di Copribara di Girasoli che coprono un sarcofago all’interno di una chiesa di Reggio Emilia per il funerale.
accessori/Nastro commemorativo;scritta-nastro-funebre-dedica-caro-estinto-siracusa.webp;scritta, nastro, funebre, dedica, caro, estinto, siracusa;Nastro commemorativo da parte della famiglia dolente appoggiato ad una composizione floreale a forma di Cuscino con rose gialle e arancio posate su un piedistallo di legno all’interno di una chiesa di Siracusa per il funerale.
accessori/lumino;accensione-lumino-voto-cimitero-italia-servizio-udine.webp;accensione, lumino, voto, cimitero, italia, servizio, udine;Lumino commemorativo acceso con l’immagine di Gesù appoggiato su una lapide in marmo all’interno di un cimitero di Udine
accessori/lumino;luce-votiva-commemorativa-tomba-loculo-freschi-brescia.webp;luce, votiva, commemorativa, tomba, loculo, freschi, brescia;Lumino commemorativo rosso acceso e appoggiato su una lapide in marmo nero all’interno di un cimitero di Brescia
accessori/lumino;lumino-tradizionale-defunti-consegna-cimitero-funerale-monza.webp;lumino, tradizionale, defunti, consegna, cimitero, funerale, monza;Lumino commemorativo rosso e acceso appoggiato su una lapide in marmo chiaro all’interno di un cimitero di Monza
accessori/lumino;servizio-cura-loculo-accensione-candela-votiva-latina.webp;servizio, cura, loculo, accensione, candela, votiva, latina;Lumino commemorativo acceso dedicato alla mamma appoggiato su una lapide in marmo all’interno di un cimitero di Latina
accessori/messaggio;biglietto-commemorativo-messaggio-caro-estinto-floremoria-parma.webp;biglietto, commemorativo, messaggio, caro, estinto, floremoria, parma;Biglietto commemorativo con un messaggio personale al defunto posato su una lapide di marmo bianco, all’interno di un cimitero di Parma con una bella composizione di fiori bianchi ed un lumino rosso acceso e petali bianchi
accessori/messaggio;biglietto-scritto-defunti-consegna-fiori-online-milano.webp;biglietto, scritto, defunti, consegna, fiori, online, milano;Biglietto commemorativo con un messaggio personale al defunto legato ad un bouquet di fiori di stagione in un vaso di un loculo all’interno di un cimitero di Milano ed un lumino rosso acceso
accessori/messaggio;messaggio-personalizzato-fiori-defunti-italia-cimitero-reggio-calabria.webp;messaggio, personalizzato, fiori, defunti, italia, cimitero, reggio-calabria;Biglietto commemorativo con un messaggio personale al defunto posato su una lapide di pietra all’interno di un cimitero di Reggio Calabria ed un lumino rosso acceso e petali bianchi e rosa
accessori/messaggio;servizio-scrittura-messaggio-omaggio-floreale-cimitero-catania.webp;servizio, scrittura, messaggio, omaggio, floreale, cimitero, catania;Biglietto commemorativo con un messaggio personale al defunto posato su una lapide di marmo all’interno di un cimitero di Catania ed un lumino rosso acceso
accessori/set-ceri-candele;candele-ricordo-defunti-tomba-floremoria-cimitero-bolzano.webp;candele, ricordo, defunti, tomba, floremoria, cimitero, bolzano;Candele votive bianche accese appoggiate ad una lastra di marmo all’interno di una casa funeraria di Bolzano ed un biglietto con messaggio di cordoglio e petali bianchi
accessori/set-ceri-candele;lumini-votivi-tomba-cera-defunti-fiori-venezia.webp;lumini, votivi, tomba, cera, defunti, fiori, venezia;Candele votive rosse accese appoggiate ad una lastra di marmo scuro all’interno di una casa funeraria di Venezia ed un biglietto con messaggio di cordoglio e petali bianchi
accessori/set-ceri-candele;set-ceri-candele-cimitero-lunga-durata-cagliari.webp;set, ceri, candele, cimitero, lunga, durata, cagliari;Candele votive con immagini sacre accese appoggiate ad una lastra di marmo all’interno di una casa funeraria di Cagliari ed un biglietto con messaggio di cordoglio e petali bianchi
accessori/set-ceri-candele;set-illuminazione-votiva-cimitero-chiesa-consegna-ancona.webp;set, illuminazione, votiva, cimitero, chiesa, consegna, ancona;Candele votive bianche accese appoggiate ad una lastra di marmo all’interno di una casa funeraria di Ancona ed un biglietto con messaggio di cordoglio e petali bianchi e un sacerdote
fiori-sulle-tombe/Azalea festa mamma;azalea-vaso-regalo-festa-della-mamma-livorno.webp;azalea, vaso, regalo, festa, della, mamma, livorno;Pianta di Azalea fucsia per la festa della mamma inserite in un vaso di un loculo all’interno del cimitero di Livorno, un bigliettino commemorativo ed un lumino bianco acceso 
fiori-sulle-tombe/Azalea festa mamma;azalea-rosa-confezionata-regalo-mamma-italia-modena.webp;azalea, rosa, confezionata, regalo, mamma, italia, modena;Pianta di Azalea fucsia per la festa della mamma inserite in un vaso di una lapide all’interno del cimitero di Modena, un bigliettino commemorativo ed un lumino rosso acceso 
fiori-sulle-tombe/Azalea festa mamma;consegna-piante-fiorite-domicilio-festa-della-foggia.webp;consegna, piante, fiorite, domicilio, festa, della, foggia;Pianta di Azalea rosa per la festa della mamma inserite in un vaso di una lapide all’interno del cimitero di Foggia, un bigliettino commemorativo ed un lumino rosso acceso 
fiori-sulle-tombe/Azalea festa mamma;pianta-azalea-festa-della-mamma-consegna-roma.webp;pianta, azalea, festa, della, mamma, consegna, roma;Pianta di Azalea bianca per la festa della mamma inserite in un vaso di una lapide all’interno del cimitero di Roma, un bigliettino commemorativo ed un lumino rosso acceso 
fiori-sulle-tombe/Bouquet Omaggio Speciale;bouquet-fiori-misti-commemorativo-consegna-veloce-verona.webp;bouquet, fiori, misti, commemorativo, consegna, veloce, verona;Bouquet di fiori di stagione bianchi e rosa appoggiati ad una lapide al cimitero di Verona con un biglietto commemorativo e un lumino 
fiori-sulle-tombe/Bouquet Omaggio Speciale;composizione-fiori-freschi-loculo-cimitero-tomba-genova.webp;composizione, fiori, freschi, loculo, cimitero, tomba, genova;Bouquet di fiori di stagione gialli e arancio inseriti in un vaso di una lapide al cimitero di Genova con un biglietto commemorativo e un lumino acceso
fiori-sulle-tombe/Bouquet Omaggio Speciale;fiorista-online-consegna-fiori-italia-qualita-lecce.webp;fiorista, online, consegna, fiori, italia, qualita, lecce;Bouquet di fiori di stagione bianchi e rossi, con pigne, inseriti nel vaso di una lapide al cimitero di Lecce con un biglietto commemorativo e un lumino rosso acceso 
fiori-sulle-tombe/Bouquet Omaggio Speciale;omaggio-floreale-personalizzato-caro-estinto-chiesa-pescara.webp;omaggio, floreale, personalizzato, caro, estinto, chiesa, pescara;Bouquet di fiori di stagione, gigli e rose arancio inseriti in un vaso di bronzo di una lapide al cimitero di Pescara con un biglietto commemorativo e un lumino rosso acceso 
fiori-sulle-tombe/Bouquet Ricordo Affettuoso;consegna-fiori-cimitero-italia-bouquet-economico-bari.webp;consegna, fiori, cimitero, italia, bouquet, economico, bari;Bouquet di fiori di stagione di vari colori tenuti da un fiorista all’interno del cimitero di Bari con un biglietto commemorativo e un lumino rosso acceso e petali  
fiori-sulle-tombe/Bouquet Ricordo Affettuoso;fiori-sulle-tombe-prezzo-basso-omaggio-prato.webp;fiori, sulle, tombe, prezzo, basso, omaggio, prato;Bouquet di fiori di stagione invernali, di vari colori caldi, tenuti da un fiorista all’interno del cimitero di Prato con un biglietto commemorativo e un lumino rosso acceso e petali 
fiori-sulle-tombe/Bouquet Ricordo Affettuoso;servizio-consegna-fiori-defunti-economico-chiesa-arezzo.webp;servizio, consegna, fiori, defunti, economico, chiesa, arezzo;Bouquet di fiori di stagione primaverili di vari colori tenuti da un fiorista all’interno del cimitero di Arezzo con un biglietto commemorativo e un lumino rosso acceso e petali 
fiori-sulle-tombe/Bouquet Ricordo Affettuoso;spedizione-fiori-loculo-italia-offerta-online-piacenza.webp;spedizione, fiori, loculo, italia, offerta, online, piacenza;Bouquet di fiori di stagione autunnali di vari colori tenuti da un fiorista all’interno del cimitero di Piacenza con un biglietto commemorativo e un lumino rosso acceso e petali 
fiori-sulle-tombe/Bouquet Rose;bouquet-rose-giallo-classico-cimitero-consegna-ferrara.webp;bouquet, rose, giallo, classico, cimitero, consegna, ferrara;Bouquet di rose gialle appoggiate su una lapide all’interno del cimitero di Ferrara con un biglietto commemorativo e un lumino rosso acceso 
fiori-sulle-tombe/Bouquet Rose;consegna-rose-bianche-tomba-italia-cimitero-torino.webp;consegna, rose, bianche, tomba, italia, cimitero, torino;Bouquet di rose bianche tenute da un fiorista su una lapide all’interno del cimitero di Torino con un biglietto commemorativo e un lumino rosso acceso e petali
fiori-sulle-tombe/Bouquet Rose;mazzo-rose-arancione-cimitero-consegna-italia-perugia.webp;mazzo, rose, arancione, cimitero, consegna, italia, perugia;Bouquet di rose arancio tenute da un fiorista su una lapide all’interno del cimitero di Perugia con un biglietto commemorativo e un lumino rosso acceso e petali
fiori-sulle-tombe/Bouquet Rose;mazzo-rose-rosa-cimitero-consegna-italia-taranto.webp;mazzo, rose, rosa, cimitero, consegna, italia, taranto;Bouquet di rose rosa tenute da un fiorista su una lapide all’interno del cimitero di Taranto con un biglietto commemorativo e un lumino rosso acceso e petali
fiori-sulle-tombe/Bouquet Rose;rose-rosse-fresche-defunti-fiorista-online-bergamo.webp;rose, rosse, fresche, defunti, fiorista, online, bergamo;Bouquet di rose rosse appoggiate su una lapide all’interno del cimitero di Bergamo con un biglietto commemorativo e un lumino rosso acceso
fiori-sulle-tombe/Bouquet Tributo Eterno;bouquet-fiori-pregiati-defunti-alta-gamma-bologna.webp;bouquet, fiori, pregiati, defunti, alta, gamma, bologna;Bouquet di fiori di alta gamma pregiati, calle bianche, fiori blu e rose bianche, inserite in un vaso di un loculo all’interno del cimitero di Bologna con un biglietto commemorativo e un lumino rosso acceso
fiori-sulle-tombe/Bouquet Tributo Eterno;composizione-floreale-lusso-tomba-cappella-fiori-ravenna.webp;composizione, floreale, lusso, tomba, cappella, fiori, ravenna;Bouquet di fiori di alta gamma pregiati, gigli bianchi e rose rosse, inserite in un vaso di una cappella all’interno del cimitero di Ravenna con un biglietto commemorativo e un lumino rosso acceso e petali
fiori-sulle-tombe/Bouquet Tributo Eterno;migliore-servizio-fiori-cimitero-italia-premium-napoli.webp;migliore, servizio, fiori, cimitero, italia, premium, napoli;Bouquet di fiori di alta gamma pregiati, calle bianche, fiori gialli e blu, orchidea bianca, inserite in un vaso di una tomba all’interno del cimitero di Napoli con un biglietto commemorativo e un lumino rosso acceso
fiori-sulle-tombe/Bouquet Tributo Eterno;tributo-floreale-solenne-consegna-cimitero-italia-forli.webp;tributo, floreale, solenne, consegna, cimitero, italia, forli;Bouquet di fiori di alta gamma pregiati, Gerbere rosa e arancio e peonie bianche, inserite in un vaso di un loculo all’interno del cimitero di Forlì con un biglietto commemorativo e un lumino rosso acceso
fiori-sulle-tombe/Pianta di Begonie;begonie-fresche-caro-estinto-ordine-online-trieste.webp;begonie, fresche, caro, estinto, ordine, online, trieste;Pianta di Begonie bianche e rosse, inserite in un vaso di una tomba all’interno del cimitero di Trieste con un biglietto commemorativo e un lumino rosso acceso
fiori-sulle-tombe/Pianta di Begonie;fiori-vaso-resistenti-cimitero-consegna-floremoria-firenze.webp;fiori, vaso, resistenti, cimitero, consegna, floremoria, firenze;Pianta di Begonie rosse, gialle e rosa, inserite in un vaso di un loculo all’interno del cimitero di Firenze con un biglietto commemorativo e un lumino rosso acceso
fiori-sulle-tombe/Pianta di Begonie;pianta-begonia-decorazione-loculo-italia-freschi-salerno.webp;pianta, begonia, decorazione, loculo, italia, freschi, salerno;Pianta di Begonie gialle, arancio e rosa, inserite in un vaso di una tomba all’interno del cimitero di Salerno con un biglietto commemorativo e un lumino rosso acceso
fiori-sulle-tombe/Pianta di Begonie;vaso-begonie-fiorite-consegna-cimitero-lutto-padova.webp;vaso, begonie, fiorite, consegna, cimitero, lutto, padova;Pianta di Begonie rosa e gialle, inserite in un vaso di una tomba all’interno del cimitero di Padova con un biglietto commemorativo e un lumino rosso acceso
fiori-sulle-tombe/Pianta di Margherite:Gerbere;decorazione-tomba-gerbere-margherite-online-defunti-trento.webp;decorazione, tomba, gerbere, margherite, online, defunti, trento;Pianta di Gerbere rosse, gialle, arancio e bianche, inserite in un vaso di un loculo all’interno del cimitero di Trento con un biglietto commemorativo e un lumino rosso acceso
fiori-sulle-tombe/Pianta di Margherite:Gerbere;pianta-gerbere-vaso-cimitero-consegna-loculo-novara.webp;pianta, gerbere, vaso, cimitero, consegna, loculo, novara;Pianta di Gerbere arancio, inserite in un vaso di una tomba all’interno del cimitero di Novara con un biglietto commemorativo e un lumino rosso acceso
fiori-sulle-tombe/Pianta di Margherite:Gerbere;piante-fiorite-defunti-consegna-cimitero-italia-vicenza.webp;piante, fiorite, defunti, consegna, cimitero, italia, vicenza;Pianta di Gerbere gialle, inserite in un vaso di una tomba all’interno del cimitero di Vicenza con un biglietto commemorativo e un lumino rosso acceso
fiori-sulle-tombe/Pianta di Margherite:Gerbere;vaso-margherite-fresche-tombe-loculi-cimitero-rimini.webp;vaso, margherite, fresche, tombe, loculi, cimitero, rimini;Pianta di Gerbere bianche, inserite in un vaso di una tomba all’interno del cimitero di Rimini con un biglietto commemorativo e un lumino rosso acceso